"archivo","url_original","usada_en","alt","ancho","alto"
"peritaje-motos-bogota.webp","https://motoperitaje.com/wp-content/uploads/2026/05/peritaje-motos-bogota.webp","/","peritaje motos bogota","",""
"peritaje-de-motos.webp","https://motoperitaje.com/wp-content/uploads/2026/05/peritaje-de-motos.webp","/","peritaje de motos","",""
"peritaje-de-motos-bogota.webp","https://motoperitaje.com/wp-content/uploads/2026/05/peritaje-de-motos-bogota.webp","/","peritaje de motos bogota","",""
"peritaje-moto-bogota.webp","https://motoperitaje.com/wp-content/uploads/2026/05/peritaje-moto-bogota.webp","/","peritaje moto bogota","",""
"peritaje-de-motos-motoperitaje.webp","https://motoperitaje.com/wp-content/uploads/2026/05/peritaje-de-motos-motoperitaje.webp","/","peritaje de motos motoperitaje","",""
"peritaje-moto-usada.webp","https://motoperitaje.com/wp-content/uploads/2026/05/peritaje-moto-usada.webp","/","peritaje moto usada","",""
"Peritajes-para-motos-en-bogota.webp","https://motoperitaje.com/wp-content/uploads/2026/05/Peritajes-para-motos-en-bogota.webp","/","Peritajes para motos en bogota","",""
"cropped-moto-peritaje-marca.webp","https://motoperitaje.com/wp-content/uploads/2026/01/cropped-moto-peritaje-marca.webp","/ /contactanos/ /peritaje-de-motos-a-domicilio-en-bogota/ /precio-peritaje-moto/ /importancia-del-peritaje-de-motos-en-casos-de-accidentes/ /politica-de-tratamiento-de-datos/ /como-el-peritaje-revela-su-verdadero-precio-en-el-mercado-de-las-motos/ /blog/ /que-documentacion-necesito-para-realizar-un-peritaje-de-motos-en-bogota/ /como-preparar-tu-moto-para-un-viaje-seguro-consejos-esenciales/ /historia-de-las-motos/ /iluminando-el-camino-luces-led-para-motos/ /importancia-del-equipo-de-proteccion-para-motociclistas/ /las-marcas-de-motos-mas-populares/ /mejores-accesorios-para-motociclistas/ /guia-de-mantenimiento-preventivo-para-motos-usadas/ /que-revisar-antes-de-comprar-una-moto-usada-en-bogota/ /category/uncategorized/ /que-tipo-de-informacion-se-recopila-durante-un-peritaje-de-motos/ /agendar-en-linea/ /todo-lo-que-necesitas-saber-sobre-el-peritaje-de-motos/","moto peritaje marca","",""
"peritaje-de-motos-a-domicilio-en-bogota.webp","https://motoperitaje.com/wp-content/uploads/2026/02/peritaje-de-motos-a-domicilio-en-bogota.webp","/peritaje-de-motos-a-domicilio-en-bogota/","peritaje de motos a domicilio en bogota","",""
"moto-peritaje-marca.webp","https://motoperitaje.com/wp-content/uploads/2026/01/moto-peritaje-marca.webp","/","moto peritaje marca","",""
"servicio-de-peritaje-para-motos-en-bogota.webp","https://motoperitaje.com/wp-content/uploads/2025/01/servicio-de-peritaje-para-motos-en-bogota.webp","/ /todo-lo-que-necesitas-saber-sobre-el-peritaje-de-motos/ /iluminando-el-camino-luces-led-para-motos/ /mejores-accesorios-para-motociclistas/","servicio de peritaje para motos en bogota","",""
"cuanto-vale-un-peritaje-de-una-moto.webp","https://motoperitaje.com/wp-content/uploads/2026/05/cuanto-vale-un-peritaje-de-una-moto.webp","/","cuanto vale un peritaje de una moto","",""
"peritaje-moto-usada-bogota.webp","https://motoperitaje.com/wp-content/uploads/2026/05/peritaje-moto-usada-bogota.webp","/","peritaje moto usada bogota","",""
"cuanto-cuesta-un-peritaje-de-moto.webp","https://motoperitaje.com/wp-content/uploads/2026/05/cuanto-cuesta-un-peritaje-de-moto.webp","/","cuanto cuesta un peritaje de moto","",""
"Peritaje-para-motos-bogota.webp","https://motoperitaje.com/wp-content/uploads/2026/05/Peritaje-para-motos-bogota.webp","/","Peritaje para motos bogota","",""
"Peritaje-de-motos-bogota-precio.webp","https://motoperitaje.com/wp-content/uploads/2026/05/Peritaje-de-motos-bogota-precio.webp","/","Peritaje de motos bogota precio","",""
"peritaje-de-motos-moto-peritaje.webp","https://motoperitaje.com/wp-content/uploads/2026/05/peritaje-de-motos-moto-peritaje.webp","/","peritaje de motos moto peritaje","",""
"cropped-moto-peritaje-marca-1.webp","https://motoperitaje.com/wp-content/uploads/2026/01/cropped-moto-peritaje-marca-1.webp","","moto peritaje marca","",""
"Precio-peritaje-moto-a-domicilio.webp","https://motoperitaje.com/wp-content/uploads/2026/02/Precio-peritaje-moto-a-domicilio.webp","/peritaje-de-motos-a-domicilio-en-bogota/","Precio peritaje moto a domicilio","",""
"Peritaje-de-motos-cerca-de-mi.webp","https://motoperitaje.com/wp-content/uploads/2026/02/Peritaje-de-motos-cerca-de-mi.webp","/peritaje-de-motos-a-domicilio-en-bogota/","Peritaje preventivo para motos","",""
"Avaluo-de-motos-a-domicilio.webp","https://motoperitaje.com/wp-content/uploads/2026/02/Avaluo-de-motos-a-domicilio.webp","/peritaje-de-motos-a-domicilio-en-bogota/","Avaluo de motos a domicilio","",""
"servicio-de-peritaje-de-motos-a-domicilio-en-bogota.webp","https://motoperitaje.com/wp-content/uploads/2026/02/servicio-de-peritaje-de-motos-a-domicilio-en-bogota.webp","/peritaje-de-motos-a-domicilio-en-bogota/","servicio de peritaje de motos a domicilio en bogota","",""
"Peritaje-preventivo-para-motos.webp","https://motoperitaje.com/wp-content/uploads/2026/02/Peritaje-preventivo-para-motos.webp","/peritaje-de-motos-a-domicilio-en-bogota/","Peritaje preventivo para motos","",""
"Escaneo-de-motos-a-domicilio.webp","https://motoperitaje.com/wp-content/uploads/2026/02/Escaneo-de-motos-a-domicilio.webp","/peritaje-de-motos-a-domicilio-en-bogota/","Escaneo de motos a domicilio","",""
"revision-preventiva-de-viaje-Granautos.webp","https://motoperitaje.com/wp-content/uploads/2026/03/revision-preventiva-de-viaje-Granautos.webp","","revision preventiva de viaje - Granautos","",""
"Revision-de-motos-a-domicilio-para-compra.webp","https://motoperitaje.com/wp-content/uploads/2026/02/Revision-de-motos-a-domicilio-para-compra.webp","/peritaje-de-motos-a-domicilio-en-bogota/","Revision de motos a domicilio para compra","",""
"Peritaje-de-motos-a-domicilio-Bogota.webp","https://motoperitaje.com/wp-content/uploads/2026/02/Peritaje-de-motos-a-domicilio-Bogota.webp","/peritaje-de-motos-a-domicilio-en-bogota/","Peritaje de motos a domicilio Bogota","",""
"Avaluo-de-motos-usado.webp","https://motoperitaje.com/wp-content/uploads/2026/02/Avaluo-de-motos-usado.webp","/peritaje-de-motos-a-domicilio-en-bogota/","Avaluo de motos usado","",""
"Peritaje-de-motos-a-domicilio.webp","https://motoperitaje.com/wp-content/uploads/2026/02/Peritaje-de-motos-a-domicilio.webp","/peritaje-de-motos-a-domicilio-en-bogota/","Peritaje de motos a domicilio","",""
"cropped-favicon-MP-1.png","https://motoperitaje.com/wp-content/uploads/2022/03/cropped-favicon-MP-1.png","","favicon MP","",""
"peritaje-de-vehiculos-en-villavicencio.webp","https://motoperitaje.com/wp-content/uploads/2025/11/peritaje-de-vehiculos-en-villavicencio.webp","","peritaje de vehiculos en villavicencio","",""
"servicio-de-peritaje-de-vehiculos-villavicencio.webp","https://motoperitaje.com/wp-content/uploads/2025/11/servicio-de-peritaje-de-vehiculos-villavicencio.webp","/","servicio de peritaje de vehiculos villavicencio","",""
"peritaje-de-vehiculos-armenia.webp","https://motoperitaje.com/wp-content/uploads/2025/11/peritaje-de-vehiculos-armenia.webp","/","peritaje de vehiculos armenia","",""
"peritaje-de-vehiculos-en-sincelejo.webp","https://motoperitaje.com/wp-content/uploads/2025/11/peritaje-de-vehiculos-en-sincelejo.webp","/","","",""
"2024-10-peritaje-moto-usada.webp","https://motoperitaje.com/wp-content/uploads/2024/10/peritaje-moto-usada.webp","","peritaje moto usada","",""
"Diagnostico-tecnico-de-moto.webp","https://motoperitaje.com/wp-content/uploads/2025/11/Diagnostico-tecnico-de-moto.webp","/","Diagnostico tecnico de moto","",""
"peritaje-de-vehiculos-mosquera-cundinamarca.webp","https://motoperitaje.com/wp-content/uploads/2025/11/peritaje-de-vehiculos-mosquera-cundinamarca.webp","/","peritaje de vehiculos mosquera cundinamarca","",""
"Peritaje-de-vehiculos-en-valledupar.jpg","https://motoperitaje.com/wp-content/uploads/2025/11/Peritaje-de-vehiculos-en-valledupar.jpg","/","Peritaje de vehiculos en valledupar","",""
"cropped-Moto-Peritaje-Bogota.png","https://motoperitaje.com/wp-content/uploads/2026/05/cropped-Moto-Peritaje-Bogota.png","/ /contactanos/ /peritaje-de-motos-a-domicilio-en-bogota/ /precio-peritaje-moto/ /importancia-del-peritaje-de-motos-en-casos-de-accidentes/ /politica-de-tratamiento-de-datos/ /como-el-peritaje-revela-su-verdadero-precio-en-el-mercado-de-las-motos/ /blog/ /que-documentacion-necesito-para-realizar-un-peritaje-de-motos-en-bogota/ /como-preparar-tu-moto-para-un-viaje-seguro-consejos-esenciales/ /historia-de-las-motos/ /iluminando-el-camino-luces-led-para-motos/ /importancia-del-equipo-de-proteccion-para-motociclistas/ /las-marcas-de-motos-mas-populares/ /mejores-accesorios-para-motociclistas/ /guia-de-mantenimiento-preventivo-para-motos-usadas/ /que-revisar-antes-de-comprar-una-moto-usada-en-bogota/ /category/uncategorized/ /que-tipo-de-informacion-se-recopila-durante-un-peritaje-de-motos/ /agendar-en-linea/ /todo-lo-que-necesitas-saber-sobre-el-peritaje-de-motos/","Moto Peritaje Bogota","",""
"Moto-Peritaje-Bogota.png","https://motoperitaje.com/wp-content/uploads/2026/05/Moto-Peritaje-Bogota.png","","Moto Peritaje Bogota","",""
"precio-peritaje-de-carros-en-bogota.jpg","https://motoperitaje.com/wp-content/uploads/2025/11/precio-peritaje-de-carros-en-bogota.jpg","/","precio peritaje de carros en bogota","",""
"2025-01-peritaje-de-motos-moto-peritaje.webp","https://motoperitaje.com/wp-content/uploads/2025/01/peritaje-de-motos-moto-peritaje.webp","/importancia-del-peritaje-de-motos-en-casos-de-accidentes/ /que-documentacion-necesito-para-realizar-un-peritaje-de-motos-en-bogota/ /como-preparar-tu-moto-para-un-viaje-seguro-consejos-esenciales/ /historia-de-las-motos/ /guia-de-mantenimiento-preventivo-para-motos-usadas/ /que-revisar-antes-de-comprar-una-moto-usada-en-bogota/","peritaje de motos - moto peritaje","",""
"Peritaje-de-moto-antes-de-comprar.webp","https://motoperitaje.com/wp-content/uploads/2025/11/Peritaje-de-moto-antes-de-comprar.webp","/","Peritaje de moto antes de comprar","",""
"servicio-de-peritaje-de-motos-bogota-norte.webp","https://motoperitaje.com/wp-content/uploads/2024/10/servicio-de-peritaje-de-motos-bogota-norte.webp","","servicio de peritaje de motos bogota norte","",""
"Inspeccion-de-motos-usadas-Bogota.webp","https://motoperitaje.com/wp-content/uploads/2025/11/Inspeccion-de-motos-usadas-Bogota.webp","/","Inspeccion de motos usadas Bogota","",""
"2025-11-Peritaje-de-motos-a-domicilio-Bogota.webp","https://motoperitaje.com/wp-content/uploads/2025/11/Peritaje-de-motos-a-domicilio-Bogota.webp","/","Peritaje de motos a domicilio Bogota","",""
"peritaje-de-motos-en-el-norte-de-bogota.webp","https://motoperitaje.com/wp-content/uploads/2024/10/peritaje-de-motos-en-el-norte-de-bogota.webp","","peritaje de motos en el norte de bogota","",""
"peritaje-norte-de-bogota.webp","https://motoperitaje.com/wp-content/uploads/2024/10/peritaje-norte-de-bogota.webp","/ /precio-peritaje-moto/","peritaje norte de bogota","",""
"2024-10-peritaje-moto-usada-bogota.webp","https://motoperitaje.com/wp-content/uploads/2024/10/peritaje-moto-usada-bogota.webp","/ /precio-peritaje-moto/","peritaje moto usada bogota","",""
"motos-deportivas-honda.webp","https://motoperitaje.com/wp-content/uploads/2024/05/motos-deportivas-honda.webp","/las-marcas-de-motos-mas-populares/","motos deportivas honda","",""
"peritaje-de-vehiculos-en-bogota-granautos.webp","https://motoperitaje.com/wp-content/uploads/2025/07/peritaje-de-vehiculos-en-bogota-granautos.webp","/","peritaje de vehiculos en bogota - granautos","",""
"peritaje-de-motos-precio-moto-peritaje.webp","https://motoperitaje.com/wp-content/uploads/2024/10/peritaje-de-motos-precio-moto-peritaje.webp","","peritaje de motos precio - moto peritaje","",""
"Revision-de-moto-para-compra-Moto-Peritaje.webp","https://motoperitaje.com/wp-content/uploads/2026/02/Revision-de-moto-para-compra-Moto-Peritaje.webp","/peritaje-de-motos-a-domicilio-en-bogota/","Revision de moto para compra - Moto Peritaje","",""
"cropped-Granautos-peritaje-bogota.png","https://motoperitaje.com/wp-content/uploads/2025/06/cropped-Granautos-peritaje-bogota.png","","","",""
"agenda-el-peritaje-de-tu-moto-en-bogota.webp","https://motoperitaje.com/wp-content/uploads/2024/10/agenda-el-peritaje-de-tu-moto-en-bogota.webp","/ /precio-peritaje-moto/","agenda el peritaje de tu moto en bogota","",""
"peritaje-motocicleta-en-bogota.webp","https://motoperitaje.com/wp-content/uploads/2024/10/peritaje-motocicleta-en-bogota.webp","","peritaje motocicleta en bogota","",""
"peritaje-de-motos-precio.webp","https://motoperitaje.com/wp-content/uploads/2024/10/peritaje-de-motos-precio.webp","","peritaje de motos precio","",""
"peritaje-en-el-norte-de-bogota.webp","https://motoperitaje.com/wp-content/uploads/2024/10/peritaje-en-el-norte-de-bogota.webp","/ /precio-peritaje-moto/","peritaje en el norte de bogota","",""
"moto-deportiva-ducati.webp","https://motoperitaje.com/wp-content/uploads/2024/05/moto-deportiva-ducati.webp","/las-marcas-de-motos-mas-populares/","moto deportiva ducati","",""
"peritaje-para-motos-bogota.webp","https://motoperitaje.com/wp-content/uploads/2024/10/peritaje-para-motos-bogota.webp","/ /precio-peritaje-moto/","peritaje para motos bogota","",""
"medios-de-pago.png","https://motoperitaje.com/wp-content/uploads/2025/06/medios-de-pago.png","/ /contactanos/ /peritaje-de-motos-a-domicilio-en-bogota/ /precio-peritaje-moto/ /politica-de-tratamiento-de-datos/ /blog/ /agendar-en-linea/ /todo-lo-que-necesitas-saber-sobre-el-peritaje-de-motos/ /como-el-peritaje-revela-su-verdadero-precio-en-el-mercado-de-las-motos/ /importancia-del-peritaje-de-motos-en-casos-de-accidentes/ /que-documentacion-necesito-para-realizar-un-peritaje-de-motos-en-bogota/ /que-tipo-de-informacion-se-recopila-durante-un-peritaje-de-motos/ /las-marcas-de-motos-mas-populares/ /como-preparar-tu-moto-para-un-viaje-seguro-consejos-esenciales/ /iluminando-el-camino-luces-led-para-motos/ /historia-de-las-motos/ /importancia-del-equipo-de-proteccion-para-motociclistas/ /mejores-accesorios-para-motociclistas/ /guia-de-mantenimiento-preventivo-para-motos-usadas/ /que-revisar-antes-de-comprar-una-moto-usada-en-bogota/","medios de pago","",""
"peritajes-de-motos-bogota-norte-moto-peritaje.webp","https://motoperitaje.com/wp-content/uploads/2024/10/peritajes-de-motos-bogota-norte-moto-peritaje.webp","/ /precio-peritaje-moto/","peritajes de motos bogota norte - moto peritaje","",""
"Asesora-comercial-July.jpeg","https://motoperitaje.com/wp-content/uploads/2025/07/Asesora-comercial-July.jpeg","/ /precio-peritaje-moto/","","",""
"Asesor-comercial-Andres.jpeg","https://motoperitaje.com/wp-content/uploads/2025/07/Asesor-comercial-Andres.jpeg","/ /peritaje-de-motos-a-domicilio-en-bogota/","","",""
"peritaje-de-motos-en-bogota.webp","https://motoperitaje.com/wp-content/uploads/2025/01/peritaje-de-motos-en-bogota.webp","/como-el-peritaje-revela-su-verdadero-precio-en-el-mercado-de-las-motos/ /que-tipo-de-informacion-se-recopila-durante-un-peritaje-de-motos/ /las-marcas-de-motos-mas-populares/ /importancia-del-equipo-de-proteccion-para-motociclistas/","peritaje de motos en bogota","",""
"modelos-de-moto-kawasaki.webp","https://motoperitaje.com/wp-content/uploads/2024/05/modelos-de-moto-kawasaki.webp","/las-marcas-de-motos-mas-populares/","modelos de moto kawasaki","",""
"moto-kawasaki-ninja-negra.webp","https://motoperitaje.com/wp-content/uploads/2024/05/moto-kawasaki-ninja-negra.webp","/las-marcas-de-motos-mas-populares/","moto kawasaki ninja negra","",""
"compresion-para-motos-bogota.webp","https://motoperitaje.com/wp-content/uploads/2024/05/compresion-para-motos-bogota.webp","/precio-peritaje-moto/","compresion para motos bogota","",""
"compresion-de-motos-bogota.webp","https://motoperitaje.com/wp-content/uploads/2024/05/compresion-de-motos-bogota.webp","/precio-peritaje-moto/","compresion de motos bogota","",""
"compresion-de-motos-bogota-motoperitaje.webp","https://motoperitaje.com/wp-content/uploads/2024/05/compresion-de-motos-bogota-motoperitaje.webp","/precio-peritaje-moto/","compresion de motos bogota - motoperitaje","",""
"Marcas-de-motocicletas-populares.webp","https://motoperitaje.com/wp-content/uploads/2024/05/Marcas-de-motocicletas-populares.webp","/las-marcas-de-motos-mas-populares/","Marcas de motocicletas populares","",""
"Modelos-BMW-Motorrad.webp","https://motoperitaje.com/wp-content/uploads/2024/05/Modelos-BMW-Motorrad.webp","/las-marcas-de-motos-mas-populares/","Modelos BMW Motorrad","",""
"Harley-Davidson-moto.webp","https://motoperitaje.com/wp-content/uploads/2024/05/Harley-Davidson-moto.webp","/las-marcas-de-motos-mas-populares/","Harley Davidson moto","",""
"Las-marcas-de-motos-mas-populares.webp","https://motoperitaje.com/wp-content/uploads/2024/05/Las-marcas-de-motos-mas-populares.webp","/las-marcas-de-motos-mas-populares/","Las marcas de motos más populares","",""
"Motoperitaje.com_.webp","https://motoperitaje.com/wp-content/uploads/2024/05/Motoperitaje.com_.webp","/precio-peritaje-moto/","Motoperitaje.com","",""
"honda-moto-scooters.webp","https://motoperitaje.com/wp-content/uploads/2024/05/honda-moto-scooters.webp","/las-marcas-de-motos-mas-populares/","honda moto scooters","",""
"BMW-Motorrad.webp","https://motoperitaje.com/wp-content/uploads/2024/05/BMW-Motorrad.webp","/las-marcas-de-motos-mas-populares/","BMW Motorrad","",""
"2024-05-peritaje-de-motos-en-bogota.webp","https://motoperitaje.com/wp-content/uploads/2024/05/peritaje-de-motos-en-bogota.webp","/ /precio-peritaje-moto/","peritaje de motos en bogota","",""
"Motoperitaje.com_-qoz5boucc6m91teaoa9rphycxub9yfr9sxccjo6lfo.webp","https://motoperitaje.com/wp-content/uploads/elementor/thumbs/Motoperitaje.com_-qoz5boucc6m91teaoa9rphycxub9yfr9sxccjo6lfo.webp","/","","",""
"peritaje-de-motos-en-bogota-motoperitaje-qondwr78l8payi8mar9yhvmuh1s4j7or5exccj7t2o.webp","https://motoperitaje.com/wp-content/uploads/elementor/thumbs/peritaje-de-motos-en-bogota-motoperitaje-qondwr78l8payi8mar9yhvmuh1s4j7or5exccj7t2o.webp","/","","",""
"peritaje-de-vehiculos.webp","https://motoperitaje.com/wp-content/uploads/2024/05/peritaje-de-vehiculos.webp","","peritaje de vehiculos","",""
"toma-de-improntas-en-bogota.webp","https://motoperitaje.com/wp-content/uploads/2024/05/toma-de-improntas-en-bogota.webp","/blog/","toma de improntas en bogota","",""
"peritaje-de-vehiculos-bogota.webp","https://motoperitaje.com/wp-content/uploads/2024/05/peritaje-de-vehiculos-bogota.webp","/blog/","peritaje de vehiculos bogota","",""
"Toma-de-improntas-para-vehiculos-en-bogota.webp","https://motoperitaje.com/wp-content/uploads/2024/05/Toma-de-improntas-para-vehiculos-en-bogota.webp","","Toma de improntas para vehiculos en bogota","",""
"2024-05-peritaje-de-motos-moto-peritaje.webp","https://motoperitaje.com/wp-content/uploads/2024/05/peritaje-de-motos-moto-peritaje.webp","","peritaje de motos moto peritaje","",""
"Peritajes-para-motocicletas-en-bogota.webp","https://motoperitaje.com/wp-content/uploads/2024/05/Peritajes-para-motocicletas-en-bogota.webp","","Peritajes para motocicletas en bogota","",""
"favicon-MP.png","https://motoperitaje.com/wp-content/uploads/2022/03/favicon-MP.png","","favicon MP","",""
"LAS-MARCAS-DE-MOTOS-MAS-POPULARES-DEL-MUNDO.webp","https://motoperitaje.com/wp-content/uploads/2024/05/LAS-MARCAS-DE-MOTOS-MAS-POPULARES-DEL-MUNDO.webp","/blog/ /las-marcas-de-motos-mas-populares/","LAS MARCAS DE MOTOS MÁS POPULARES DEL MUNDO","",""
"que-tipo-de-informacion-se-recopila-durante-un-peritaje-de-motos.webp","https://motoperitaje.com/wp-content/uploads/2024/05/que-tipo-de-informacion-se-recopila-durante-un-peritaje-de-motos.webp","/blog/ /que-tipo-de-informacion-se-recopila-durante-un-peritaje-de-motos/","que tipo de informacion se recopila durante un peritaje de motos","",""
"QUE-DOCUMENTACION-NECESITO-PARA-REALIZAR-UN-PERITAJE-DE-MOTOS-EN-BOGOTA.webp","https://motoperitaje.com/wp-content/uploads/2024/05/QUE-DOCUMENTACION-NECESITO-PARA-REALIZAR-UN-PERITAJE-DE-MOTOS-EN-BOGOTA.webp","/ /blog/ /que-documentacion-necesito-para-realizar-un-peritaje-de-motos-en-bogota/","QUE DOCUMENTACION NECESITO PARA REALIZAR UN PERITAJE DE MOTOS EN BOGOTA","",""
"peritaje-de-motos-en-bogota-motoperitaje.webp","https://motoperitaje.com/wp-content/uploads/2024/05/peritaje-de-motos-en-bogota-motoperitaje.webp","","peritaje de motos en bogota motoperitaje","",""
"cropped-27176.png","https://motoperitaje.com/wp-content/uploads/2021/12/cropped-27176.png","","","",""
"Todo-lo-que-necesitas-saber-sobre-peritaje-de-motos.webp","https://motoperitaje.com/wp-content/uploads/2024/05/Todo-lo-que-necesitas-saber-sobre-peritaje-de-motos.webp","/blog/ /todo-lo-que-necesitas-saber-sobre-el-peritaje-de-motos/","Todo lo que necesitas saber sobre peritaje de motos","",""
"2024-05-Peritaje-para-motos-bogota.webp","https://motoperitaje.com/wp-content/uploads/2024/05/Peritaje-para-motos-bogota.webp","","Peritaje para motos bogota","",""
"cropped-favicon-MP.png","https://motoperitaje.com/wp-content/uploads/2022/03/cropped-favicon-MP.png","","","",""
"luces-led-para-motos.webp","https://motoperitaje.com/wp-content/uploads/2024/05/luces-led-para-motos.webp","/blog/ /iluminando-el-camino-luces-led-para-motos/","luces led para motos","",""
"Como-el-peritaje-revela-su-verdadero-precio-en-el-mercado-de-las-motos.webp","https://motoperitaje.com/wp-content/uploads/2024/05/Como-el-peritaje-revela-su-verdadero-precio-en-el-mercado-de-las-motos.webp","/ /blog/ /como-el-peritaje-revela-su-verdadero-precio-en-el-mercado-de-las-motos/","Como el peritaje revela su verdadero precio en el mercado de las motos","",""
"2024-05-Peritajes-para-motos-en-bogota.webp","https://motoperitaje.com/wp-content/uploads/2024/05/Peritajes-para-motos-en-bogota.webp","","Peritajes para motos en bogota","",""
"importancia-del-peritaje-de-motos-en-casos-de-accidentes.webp","https://motoperitaje.com/wp-content/uploads/2024/05/importancia-del-peritaje-de-motos-en-casos-de-accidentes.webp","/ /blog/ /importancia-del-peritaje-de-motos-en-casos-de-accidentes/","importancia del peritaje de motos en casos de accidentes","",""
"2024-05-Peritaje-de-motos-bogota-precio.webp","https://motoperitaje.com/wp-content/uploads/2024/05/Peritaje-de-motos-bogota-precio.webp","","Peritaje de motos bogotá precio","",""
"PERITAJE-DE-MOTOS-EN-BOGOTA-1.webp","https://motoperitaje.com/wp-content/uploads/2024/05/PERITAJE-DE-MOTOS-EN-BOGOTA-1.webp","","PERITAJE DE MOTOS EN BOGOTA","",""
"2024-05-peritaje-moto-usada-bogota.webp","https://motoperitaje.com/wp-content/uploads/2024/05/peritaje-moto-usada-bogota.webp","","peritaje moto usada bogota","",""
"PERITAJE-DE-MOTOS-MOTOPERITAJE.COM_.webp","https://motoperitaje.com/wp-content/uploads/2024/05/PERITAJE-DE-MOTOS-MOTOPERITAJE.COM_.webp","","PERITAJE-DE-MOTOS-MOTOPERITAJE.COM_","",""
"27176.png","https://motoperitaje.com/wp-content/uploads/2021/12/27176.png","/ /contactanos/ /peritaje-de-motos-a-domicilio-en-bogota/ /precio-peritaje-moto/ /importancia-del-peritaje-de-motos-en-casos-de-accidentes/ /politica-de-tratamiento-de-datos/ /como-el-peritaje-revela-su-verdadero-precio-en-el-mercado-de-las-motos/ /blog/ /que-documentacion-necesito-para-realizar-un-peritaje-de-motos-en-bogota/ /como-preparar-tu-moto-para-un-viaje-seguro-consejos-esenciales/ /historia-de-las-motos/ /iluminando-el-camino-luces-led-para-motos/ /importancia-del-equipo-de-proteccion-para-motociclistas/ /las-marcas-de-motos-mas-populares/ /mejores-accesorios-para-motociclistas/ /guia-de-mantenimiento-preventivo-para-motos-usadas/ /que-revisar-antes-de-comprar-una-moto-usada-en-bogota/ /category/uncategorized/ /que-tipo-de-informacion-se-recopila-durante-un-peritaje-de-motos/ /agendar-en-linea/ /todo-lo-que-necesitas-saber-sobre-el-peritaje-de-motos/","","",""
"2024-05-peritaje-moto-usada.webp","https://motoperitaje.com/wp-content/uploads/2024/05/peritaje-moto-usada.webp","","peritaje moto usada","",""
"2024-05-peritaje-de-motos-motoperitaje.webp","https://motoperitaje.com/wp-content/uploads/2024/05/peritaje-de-motos-motoperitaje.webp","","peritaje de motos motoperitaje","",""
"como-preparar-tu-moto-para-un-viaje-seguro-consejos-esenciales.webp","https://motoperitaje.com/wp-content/uploads/2024/05/como-preparar-tu-moto-para-un-viaje-seguro-consejos-esenciales.webp","/blog/ /como-preparar-tu-moto-para-un-viaje-seguro-consejos-esenciales/","como preparar tu moto para un viaje seguro consejos esenciales","",""
"moto-deportiva-ducati.jpg","https://motoperitaje.com/wp-content/uploads/2023/09/moto-deportiva-ducati.jpg","","moto deportiva ducati","",""